region,FBI_cnt,sv_group_cnt,sample_cnt,SRR3760937,SRR3760940,SRR3825071,SRR3987259,SRR5114912,SRR5115059,SRR3760936,SRR3760945,SRR3760946,SRR3760949,SRR3760954,SRR3760957,SRR3760960,SRR3760962,SRR3760965,SRR3760970,SRR3760973,SRR3760975,SRR3760978,SRR3760985,SRR3760987,SRR3760995,SRR3760996,SRR3760997,SRR3761001,SRR3761002,SRR3761005,SRR3761011,SRR3761013,SRR3761015,SRR3761020,SRR3761024,SRR3761025,SRR3761026,SRR3761030,SRR3761033,SRR3761035,SRR3825048,SRR3825050,SRR3825053,SRR3825058,SRR3825060,SRR3825064,SRR3825068,SRR3825076,SRR3825079,SRR3825081,SRR3825083,SRR3825086,SRR3825088,SRR3825093,SRR3825094,SRR3825096,SRR3825098,SRR3825100,SRR3825106,SRR3825108,SRR3825112,SRR3825121,SRR3825123,SRR3825125,SRR3825132,SRR3825137,SRR3825141,SRR3825142,SRR3825143,SRR3825145,SRR3825147,SRR3928800,SRR3928803,SRR3928804,SRR3928807,SRR3928810,SRR3928822,SRR3928827,SRR3928830,SRR3928831,SRR3928834,SRR3928841,SRR3928842,SRR3928843,SRR3928849,SRR3928850,SRR3928851,SRR3928856,SRR3928859,SRR3928863,SRR3928866,SRR3928871,SRR3928872,SRR3928873,SRR3928875,SRR3928878,SRR3928879,SRR3928888,SRR3928889,SRR3928890,SRR3928891,SRR3928892,SRR3928894,SRR3928897,SRR3931724,SRR3931735,SRR3931736,SRR3931747,SRR3931752,SRR3931763,SRR3931771,SRR3931775,SRR3931776,SRR3931781,SRR3931782,SRR3931787,SRR3931791,SRR3931792,SRR3931811,SRR3931812,SRR3931816,SRR3931817,SRR3931827,SRR3931829,SRR3931830,SRR3931833,SRR3931835,SRR3931840,SRR3931846,SRR3931851,SRR3931856,SRR3931857,SRR3931859,SRR3931877,SRR3931880,SRR3945280,SRR3945282,SRR3945287,SRR3945294,SRR3945296,SRR3945299,SRR3945301,SRR3945303,SRR3945309,SRR3945312,SRR3945315,SRR3945316,SRR3945317,SRR3945319,SRR3945326,SRR3945327,SRR3945332,SRR3945336,SRR3945341,SRR3945343,SRR3945349,SRR3945352,SRR3945469,SRR3945470,SRR3945476,SRR3945477,SRR3945479,SRR3945484,SRR3945487,SRR3945488,SRR3945489,SRR3945491,SRR3945494,SRR3949322,SRR3949329,SRR3949330,SRR3949332,SRR3949333,SRR3949343,SRR3949346,SRR3949347,SRR3949358,SRR3949367,SRR3949371,SRR3949377,SRR3949380,SRR3949381,SRR3949384,SRR3949387,SRR3949391,SRR3949394,SRR3949401,SRR3949402,SRR3949403,SRR3949404,SRR3949410,SRR3949414,SRR3949422,SRR3949424,SRR3949431,SRR3953716,SRR3953729,SRR3953732,SRR3953737,SRR3953739,SRR3953744,SRR3953746,SRR3953748,SRR3953751,SRR3953754,SRR3953757,SRR3953759,SRR3953761,SRR3953765,SRR3953768,SRR3953774,SRR3953783,SRR3953785,SRR3953792,SRR3953798,SRR3953805,SRR3953809,SRR3953811,SRR3953813,SRR3953814,SRR3953820,SRR3953826,SRR3953827,SRR3953829,SRR3953836,SRR3953840,SRR3953841,SRR3953843,SRR3953844,SRR3953847,SRR3953849,SRR3987226,SRR3987230,SRR3987234,SRR3987237,SRR3987238,SRR3987242,SRR3987244,SRR3987250,SRR3987251,SRR3987253,SRR3987258,SRR3987264,SRR3987270,SRR3987273,SRR3987276,SRR3987277,SRR3987280,SRR3987315,SRR3987316,SRR3987322,SRR3987324,SRR3987341,SRR3987345,SRR3987346,SRR3987349,SRR3987351,SRR3987357,SRR3987362,SRR3987363,SRR3987367,SRR3987369,SRR3989816,SRR3989819,SRR3989822,SRR3989823,SRR3989824,SRR3989826,SRR3989830,SRR3989831,SRR3989836,SRR3989839,SRR3989840,SRR3989845,SRR3989847,SRR3989850,SRR3989856,SRR3989860,SRR3989862,SRR3989863,SRR3989866,SRR3989869,SRR3989873,SRR3989877,SRR3989879,SRR3989881,SRR3989882,SRR3989888,SRR3989892,SRR3989893,SRR3989895,SRR3989897,SRR3989901,SRR3989905,SRR3989907,SRR4017544,SRR5114918,SRR5114921,SRR5114924,SRR5114927,SRR5114936,SRR5114948,SRR5114954,SRR5114957,SRR5114960,SRR5114963,SRR5114966,SRR5114969,SRR5114975,SRR5114978,SRR5114981,SRR5114984,SRR5114987,SRR5114990,SRR5114993,SRR5114996,SRR5114999,SRR5115002,SRR5115005,SRR5115008,SRR5115011,SRR5115017,SRR5115023,SRR5115026,SRR5115029,SRR5115032,SRR5115035,SRR5115041,SRR5115044,SRR5115047,SRR5115050,SRR5115053,SRR5115056
chr1:44000001-45000000,2,1,1,,,,,,,,,,,,,,,,,,,,,,,,,,,,,,,,,,,,,,,,,,,,,,,,,,,,,,,,,,,,,,,,,,,,,,,,,,,,,,,,,,,,,,,,,,,,,,,,,,,,,,,,,,,,,,,,,,,,,,,,,,,,,,,,,,,,,,,,,,,,,,,,,,,,,,,,,,,,,,,,,,,,,,,,,,,,,,,,,,,,,,,,,,,,,,,,,,,,,,,,,,,,,,,,,,,SRR3953792_1_sv.txt,,,,,,,,,,,,,,,,,,,,,,,,,,,,,,,,,,,,,,,,,,,,,,,,,,,,,,,,,,,,,,,,,,,,,,,,,,,,,,,,,,,,,,,,,,,,,,,,,,,,,,,,,,,,,,,,,,,,,,,
chr1:81000001-82000000,2,1,1,,,,,,,,,,,,,,,,,,,,,,,,,,SRR3761002_1_sv.txt,,,,,,,,,,,,,,,,,,,,,,,,,,,,,,,,,,,,,,,,,,,,,,,,,,,,,,,,,,,,,,,,,,,,,,,,,,,,,,,,,,,,,,,,,,,,,,,,,,,,,,,,,,,,,,,,,,,,,,,,,,,,,,,,,,,,,,,,,,,,,,,,,,,,,,,,,,,,,,,,,,,,,,,,,,,,,,,,,,,,,,,,,,,,,,,,,,,,,,,,,,,,,,,,,,,,,,,,,,,,,,,,,,,,,,,,,,,,,,,,,,,,,,,,,,,,,,,,,,,,,,,,,,,,,,,,,,,,,,,,,,,,,,,,,,,,,,,,,,,,,,,,
chr1:187000001-188000000,10,5,5,,,,,,,,,,,,,,,,,,,,,,,,,,,,,,,,,,,,,SRR3761035_1_sv.txt,,,,,,,,,,,,,,,,,,,,,,,SRR3825123_1_sv.txt,,,,,,,,,,,,,,,,,,,,,,,,,,,,,,,,,,,,,,,,,,,,,,,,,,,,,,,,,,,,,,,,,,,,,,,,,,,,,,,,,,,,,,,,,,,,,,,,,,,,,,,,,,,,,,,,,,,,,,,SRR3949381_2_sv.txt,,,,,,,,SRR3949404_4_sv.txt,,,,,,,,,,,,,,,,,,,,,,,,,,,,,,,,,,,,,,,,,,,,,,,,,,,,,,,,,,,,SRR3987316_1_sv.txt,,,,,,,,,,,,,,,,,,,,,,,,,,,,,,,,,,,,,,,,,,,,,,,,,,,,,,,,,,,,,,,,,,,,,,,,,,,,,,,,,,,
chr1:197000001-198000000,8,4,4,,,,,,,,,,,,,,,,,,,,,,,,,,,,,,,,,,,,,,,,,,,,,,,,,,,,,,,,,,,,,,,,,,,,,SRR3928800_2_sv.txt,,,,,,,,,,,,,,,,,,,,,,,,,,,,,,,,,,,,,,,,,,,,,,,,,,,,,,,,,,,,,,,,,,,,,,,,,,,,,,,,,,,,,,,,,,,,,,,,,,SRR3949329_3_sv.txt,,,,,,,,,,,,,,,,,,,,,,,,,,,,,,,,,,,,,,,,,,,,,,,,,,,,,,,,,,,SRR3953844_3_sv.txt,,,,,,,,,,,,,,,,,,,,,,,,,,,,,,,,,,,,,,,,,,,,,,,,,,,,,,,,,,,,,,,,,,,,,,,,,,,,,,,,,,,SRR5114984_1_sv.txt,,,,,,,,,,,,,,,,,,,,,
chr2:10000001-11000000,2,1,1,,,,,,,,,,,,,,,,,,,,,,,,,,,,,,,,,,,,,,,,,,,,,,,,,,,,,,,,,,,,,,,,,,,,,,,,,,,,,,,,,,,,,,,,,,,,,,,,,,,,SRR3928894_6_sv.txt,,,,,,,,,,,,,,,,,,,,,,,,,,,,,,,,,,,,,,,,,,,,,,,,,,,,,,,,,,,,,,,,,,,,,,,,,,,,,,,,,,,,,,,,,,,,,,,,,,,,,,,,,,,,,,,,,,,,,,,,,,,,,,,,,,,,,,,,,,,,,,,,,,,,,,,,,,,,,,,,,,,,,,,,,,,,,,,,,,,,,,,,,,,,,,,,,,,,,,,,,,,,,,,,,,,,,,,,,,,,,,,,,,,,,,
chr2:116000001-117000000,6,3,3,,,,,,,,,,,,,,,,,,,,,,,,,,,,,,,,,,,,,,,,,,,,,,,,,,,,,,,,,,,,,,,,,,,,,,,SRR3928804_8_sv.txt,,,,,SRR3928830_12_sv.txt,,,,,,,,,,,,,,,,,,,,,,,,,,,,,,,,,,,,,,,,,,,,,,,,,,,,,,,,,,,,,,,,,,,,,,,,,,,,SRR3945343_6_sv.txt,,,,,,,,,,,,,,,,,,,,,,,,,,,,,,,,,,,,,,,,,,,,,,,,,,,,,,,,,,,,,,,,,,,,,,,,,,,,,,,,,,,,,,,,,,,,,,,,,,,,,,,,,,,,,,,,,,,,,,,,,,,,,,,,,,,,,,,,,,,,,,,,,,,,,,,,,,,,,,,,,,,,,,,,,,,,,,,,,,
chr2:124000001-125000000,54,27,27,,,,,,,,,,,SRR3760954_10_sv.txt,,,,,,,,,,,,,,,,,,,,SRR3761020_13_sv.txt,SRR3761024_9_sv.txt,,,,,,,SRR3825050_8_sv.txt,,,,SRR3825064_14_sv.txt,,,,,,SRR3825086_13_sv.txt,,,,,,,SRR3825106_9_sv.txt,,,SRR3825121_7_sv.txt,,,SRR3825132_7_sv.txt,,,,,,,,,,,,,,,,,,,,,,,SRR3928856_7_sv.txt,,,,,,,,,,,,,,SRR3928892_5_sv.txt,,,,SRR3931735_9_sv.txt,,,SRR3931752_10_sv.txt,,,,,,,,,,,,,,,,,,,,,,,,,,,,,,,,,,,,SRR3945312_7_sv.txt,,,,,,,,,,,,,,,,,,,,,SRR3945489_8_sv.txt,,,,SRR3949329_8_sv.txt,,,,,,SRR3949347_11_sv.txt,,,,,SRR3949380_11_sv.txt,,,,,,,,,,,,,SRR3949424_7_sv.txt,,,,,,,,,,,SRR3953754_11_sv.txt,,,,SRR3953765_6_sv.txt,,,,,,,,SRR3953809_8_sv.txt,,,,,,,,,,,,,,,,,,SRR3987237_8_sv.txt,,,,,,,,,,,SRR3987276_8_sv.txt,,,,,,,,,,,,,,,,,,,,,,,,,,,,,SRR3989847_8_sv.txt,,,,,,,,,,,,,,,,,,,,,,,,,,,,,,,,,,,SRR5114978_6_sv.txt,,SRR5114984_7_sv.txt,,,,,,,,,,,,,,,,,,,,,
chr2:131000001-132000000,2,1,1,,,,,,,,,,,,,,,,,,,,,,,,,,,,,,,,,,,,,,,,,,,,,,,,,,,,,,,,,,,,,,,,,,,,,,,,,,,,,,,,,,,,,,,,,,,,,,,,,,,,,,,,,,,,,,,,,,,,,SRR3931812_8_sv.txt,,,,,,,,,,,,,,,,,,,,,,,,,,,,,,,,,,,,,,,,,,,,,,,,,,,,,,,,,,,,,,,,,,,,,,,,,,,,,,,,,,,,,,,,,,,,,,,,,,,,,,,,,,,,,,,,,,,,,,,,,,,,,,,,,,,,,,,,,,,,,,,,,,,,,,,,,,,,,,,,,,,,,,,,,,,,,,,,,,,,,,,,,,,,,,,,,,,,,,,,,,,,,,,,,,,,,
chr2:167000001-168000000,2,1,1,,,,,,,,,,,,,,,,,,,,,,,,,,,,,,,,SRR3761024_11_sv.txt,,,,,,,,,,,,,,,,,,,,,,,,,,,,,,,,,,,,,,,,,,,,,,,,,,,,,,,,,,,,,,,,,,,,,,,,,,,,,,,,,,,,,,,,,,,,,,,,,,,,,,,,,,,,,,,,,,,,,,,,,,,,,,,,,,,,,,,,,,,,,,,,,,,,,,,,,,,,,,,,,,,,,,,,,,,,,,,,,,,,,,,,,,,,,,,,,,,,,,,,,,,,,,,,,,,,,,,,,,,,,,,,,,,,,,,,,,,,,,,,,,,,,,,,,,,,,,,,,,,,,,,,,,,,,,,,,,,,,,,,,,,,,,,,,,,,,,,,,,
chr2:176000001-177000000,2,1,1,,,,,,,,,,,,,,,,,,,,,,,,,,,,,,,,,,,,,,,,,,,,,,,,,,,,,,,,,,,,,,,,,,,,,,,,,,,,,,,,,,,,,,SRR3928859_7_sv.txt,,,,,,,,,,,,,,,,,,,,,,,,,,,,,,,,,,,,,,,,,,,,,,,,,,,,,,,,,,,,,,,,,,,,,,,,,,,,,,,,,,,,,,,,,,,,,,,,,,,,,,,,,,,,,,,,,,,,,,,,,,,,,,,,,,,,,,,,,,,,,,,,,,,,,,,,,,,,,,,,,,,,,,,,,,,,,,,,,,,,,,,,,,,,,,,,,,,,,,,,,,,,,,,,,,,,,,,,,,,,,,,,,,,,,,,,,,,,,,,,,,,,
chr2:183000001-184000000,4,2,2,,,,,,,,,,,,,,,,,,,,,,,,,,,,,,,,,,,,,,,,,,,,,,,,,,,,,,,,,,,,,,,,,,,,,,,,,,,,,,,,,,,,,,,,,,,,,,,,,,,,,,,,,,,,,,,,,,,,,,,,,,,,,,,,,,,,,,,,,,,,,,,,,,,,,,,,,,,,,,,,,,,,,,,,,,,,,,,,,,,,,,,,,,,SRR3949404_14_sv.txt,,,,,,,,,,,,,,,,,,,,,,,,,,,,,,,,,,,,,,,,,,,,,,,,,,,,,,,,,,,,,,,,,,,,,,,,,,,,,,,,,,,,,,,,,,,,,,,,,,,,,,,,,,,,,,,,,,,,,,,,,,,,,,,,,,,,,,SRR5115026_12_sv.txt,,,,,,,,,
chr3:75000001-76000000,6,3,3,,,,,,,,,,,,,,,,,,,,,,,,,,,,,,,,,,,,,,,,,,,,,,,,,,,,,,,,,,,,,,,,,,,,,,,,,,,,,,,,,,,,,,,,,,,,,,,,,,,,,,,,,,,,,,,,,,,,,,,,,,,,,,,,,,,,,,,,,,,,,,,,,,,,,,,,,,,,,,,,,,,,,,,,,,,,,,,,,,,,,,,,,,,,,,,,,,,,,,,,,,,,,,,,,,,,,,,,,SRR3953814_15_sv.txt,,,,,,,,,,,,,,,,,,,,,,,,,,,,,,,,,,,,,,,,,,,,,,,,,,,,,,,,,,,,SRR3989863_17_sv.txt,,,,,,,,,,,,,,,,,,,,,,,,,,,,,,,,,,SRR5114990_15_sv.txt,,,,,,,,,,,,,,,,,,,
chr3:80000001-81000000,26,13,13,,,,,,,,,,,,,SRR3760960_9_sv.txt,,,,,,,,,,,,,,,,,,,,,,,,,,SRR3825050_12_sv.txt,,,,,,,,,,,,,,,,,,,,,,,,,,,,SRR3825145_8_sv.txt,,,,,,,,,,,,,,,,,,SRR3928856_9_sv.txt,,,,,,,,,,,,,,,,,,,,,,,,,,,,SRR3931787_12_sv.txt,,,,,,,,,,,,,,,,,,,,,,,,SRR3945296_11_sv.txt,SRR3945299_15_sv.txt,,,,,,,,,,,,,,,,,,,,,,,,,,,,,,,SRR3949332_9_sv.txt,,,,,,,,,,,,,,,,,,,,,,,,,,,,,,,,SRR3953751_10_sv.txt,,,,,,,,,,,,,,,,,,,,,SRR3953836_10_sv.txt,,,,,,,,,,,,SRR3987242_10_sv.txt,SRR3987244_18_sv.txt,,,,,,,,,,,,,,,,,,,,,,,,,,,,,,,,,,,,,,,,,,,,,,,,,,,SRR3989892_11_sv.txt,,,,,,,,,,,,,,,,,,,,,,,,,,,,,,,,,,,,,,,,,,,,
chr3:127000001-128000000,2,1,1,,,,,,,,,,,,,,,,,,,,,,,,,,,,,,,,,,,,,,,,,,,,,,,,,,,,,,,,,,,,,,,,,,,,,,,,,,,,,,,,,,,,,,,,,,,,,,,,,,,,,,,,,,,,,,,,,,,,,,,,,,,,,,,,,,,,,,SRR3945282_7_sv.txt,,,,,,,,,,,,,,,,,,,,,,,,,,,,,,,,,,,,,,,,,,,,,,,,,,,,,,,,,,,,,,,,,,,,,,,,,,,,,,,,,,,,,,,,,,,,,,,,,,,,,,,,,,,,,,,,,,,,,,,,,,,,,,,,,,,,,,,,,,,,,,,,,,,,,,,,,,,,,,,,,,,,,,,,,,,,,,,,,,,,,,,,,,,,,,,,,,,,
chr3:162000001-163000000,12,6,6,,,,,,,,,,,,,,,,,,,,,,,SRR3760996_11_sv.txt,,,,,SRR3761011_12_sv.txt,,,,,,,,,,,,,,,,,,,,,,,,,,,,,,,,,,,,,,,,,,,,,SRR3928810_9_sv.txt,,,,,,,,,,,,,,,,,,,,,,,,,,,,,,,,,,,,,,,,,,,,,,,,,,,,,,,,,,,,,,,,,,,,,,,,,,,,,,,,,,,,,,,,,,,SRR3945491_16_sv.txt,,,,,,,,,,,,,,,,,,,,,,,,,,,,,,,,,,,,,,,,,,,,,,,,,,,,,,,,,,,,,,,,,,,,,,,,,,,,,,,,,,,,,,,,,,,,,,,,,,,,,,,,,,,,,,,SRR3989860_9_sv.txt,,,,,,,,,,,,,,,,,,,,,,,,,,,,,SRR5114966_7_sv.txt,,,,,,,,,,,,,,,,,,,,,,,,,,
chr4:16000001-17000000,2,1,1,,,,,,,,,,,,,,,,,,,,,,,,,,SRR3761002_13_sv.txt,,,,,,,,,,,,,,,,,,,,,,,,,,,,,,,,,,,,,,,,,,,,,,,,,,,,,,,,,,,,,,,,,,,,,,,,,,,,,,,,,,,,,,,,,,,,,,,,,,,,,,,,,,,,,,,,,,,,,,,,,,,,,,,,,,,,,,,,,,,,,,,,,,,,,,,,,,,,,,,,,,,,,,,,,,,,,,,,,,,,,,,,,,,,,,,,,,,,,,,,,,,,,,,,,,,,,,,,,,,,,,,,,,,,,,,,,,,,,,,,,,,,,,,,,,,,,,,,,,,,,,,,,,,,,,,,,,,,,,,,,,,,,,,,,,,,,,,,,,,,,,,,
chr4:87000001-88000000,2,1,1,,,,,,,,,,,,,,,,,,,,,,,,,,,,,,,,,,,,,,,,,,,,,,,,,,,,,,,,,,,,,,,,,,,,,,,,,,,,,,,,,,,,,,,,,,,,,,,,,,,,,,,,,,,,,,,,,,,,,,,,,,,,,,,,,,,,,,,,,,,,,,,,,,,,,,,,,,,,,,,,,,,,,,,,,,,,,,,,,,,,,,,,,,SRR3949403_11_sv.txt,,,,,,,,,,,,,,,,,,,,,,,,,,,,,,,,,,,,,,,,,,,,,,,,,,,,,,,,,,,,,,,,,,,,,,,,,,,,,,,,,,,,,,,,,,,,,,,,,,,,,,,,,,,,,,,,,,,,,,,,,,,,,,,,,,,,,,,,,,,,,,,,
chr4:132000001-133000000,2,1,1,,,,,,,,,,,,,,,,,,,,,,,,,,,,,,,,,,,,,,,,,,,,,,,,,,,,,,,,,,,,,,,,,,,,,,,,,,,,,,,,,,,,,,,,,,,,,,,,,,,,,,,,,,,,,,,,,,,,,,,,,,,,,,,,,,,,,,,,,,,,,,,,,,,,,,,,,,,,,,,,,,,,,,,,,,,,,,,,,,,,,,,,,,,,,,,,,,,,,,,,,,,,,,,,,,,,,,,,,,,,,,,,,,,,,,,,,,,,,,SRR3987253_17_sv.txt,,,,,,,,,,,,,,,,,,,,,,,,,,,,,,,,,,,,,,,,,,,,,,,,,,,,,,,,,,,,,,,,,,,,,,,,,,,,,,,,,,,,,,,,,,,,
chr4:167000001-168000000,4,2,2,,,,,,,,,,,,,,,,,,,,,,,,,,,,,,,,,,,,,,,,,,,,,,,,,,,,,,,,,,,,,,,,,,,,,,,,,,,,,,,,,,,,,,SRR3928859_14_sv.txt,,,,,,,,,,,,,,,,,,,,,,,,,,,,,,,,,,,,,,,,,,,,,,,,,,,,,,,,,,,,,,,,,,,,,,,,,,,,,,,,,,,,,,,,,,,,,,,,,,,,,,,,,,,,,,,,,,,,,,,,,,,,,,,,,,,,,,,,,,,,,,,,,,,SRR3987238_12_sv.txt,,,,,,,,,,,,,,,,,,,,,,,,,,,,,,,,,,,,,,,,,,,,,,,,,,,,,,,,,,,,,,,,,,,,,,,,,,,,,,,,,,,,,,,,,,,,,,,,,
chr5:28000001-29000000,86,43,43,,,,,,,,,,SRR3760949_14_sv.txt,SRR3760954_16_sv.txt,,,,,,,,,,,,,,,,,,,SRR3761015_14_sv.txt,,,,,SRR3761030_10_sv.txt,,,,,,,,SRR3825064_20_sv.txt,SRR3825068_11_sv.txt,,,,,,,,,,SRR3825098_9_sv.txt,,,,,,,,,,,,,,,SRR3928800_13_sv.txt,,,,,SRR3928822_12_sv.txt,,SRR3928830_19_sv.txt,,,,,,,,,,,SRR3928863_11_sv.txt,SRR3928866_16_sv.txt,,,,,,,,,,SRR3928891_11_sv.txt,,SRR3928894_15_sv.txt,,,,,,,,,,,,,,,,,,SRR3931816_12_sv.txt,,,,,,,,,,,,,,,,SRR3945282_9_sv.txt,,,,,SRR3945301_14_sv.txt,SRR3945303_15_sv.txt,,,,,,SRR3945319_19_sv.txt,,,,,,SRR3945343_10_sv.txt,,,,SRR3945470_12_sv.txt,,,,SRR3945484_9_sv.txt,,,,,,,,SRR3949330_15_sv.txt,,,,,,SRR3949358_15_sv.txt,,,,SRR3949380_17_sv.txt,,,,,,,,SRR3949403_12_sv.txt,,,,SRR3949422_14_sv.txt,,,,,,,,,,,SRR3953751_11_sv.txt,,,,,,,,,,,,,,,SRR3953813_16_sv.txt,,SRR3953820_12_sv.txt,,,,,,,,,,,,,,,,,,,,,,,,SRR3987273_13_sv.txt,,,,SRR3987315_15_sv.txt,,SRR3987322_11_sv.txt,,,SRR3987345_16_sv.txt,SRR3987346_12_sv.txt,,,,SRR3987362_12_sv.txt,,,,,,,,,,,SRR3989831_18_sv.txt,,SRR3989839_13_sv.txt,,,,,,,,,,,,,,,SRR3989882_9_sv.txt,,,,SRR3989895_14_sv.txt,,,,,,SRR5114918_11_sv.txt,,,,,,,,,,,,,,,,,,,,,,,,,,,,SRR5115029_10_sv.txt,,,,SRR5115044_10_sv.txt,,,,
chr5:53000001-54000000,4,2,2,,,,,,,,,,,,,,,,,,,,,,,,,,,,,,,,,,,,,,,,,,,,,,,,,,,,,,,,,,,,,,,,,,,,,,,,,,,,,,,,,,,,,,,,,,,,,,,,,,,,,,,,,,,,,,,,,,,,,,,,,,,,,,,,,,,,,,,,,,SRR3945299_17_sv.txt,,,,,,,,,,,,,,,,,,,,,,,,,,,,,,,,,,,,,,,,,,,,,,,,,,,,,,,,,,,,,,,,,,,,,,,,,,,,,,,,,,,,,,,,,,,,,,,,,,,,,,,,,,,,,,,,,,,,,,,,,,,,,,,,,,,,,,,,,,,,,,,,,SRR3989881_8_sv.txt,,,,,,,,,,,,,,,,,,,,,,,,,,,,,,,,,,,,,,,,,,,,,,,
chr5:148000001-149000000,2,1,1,,,,,,,,,,,,,,,,SRR3760970_21_sv.txt,,,,,,,,,,,,,,,,,,,,,,,,,,,,,,,,,,,,,,,,,,,,,,,,,,,,,,,,,,,,,,,,,,,,,,,,,,,,,,,,,,,,,,,,,,,,,,,,,,,,,,,,,,,,,,,,,,,,,,,,,,,,,,,,,,,,,,,,,,,,,,,,,,,,,,,,,,,,,,,,,,,,,,,,,,,,,,,,,,,,,,,,,,,,,,,,,,,,,,,,,,,,,,,,,,,,,,,,,,,,,,,,,,,,,,,,,,,,,,,,,,,,,,,,,,,,,,,,,,,,,,,,,,,,,,,,,,,,,,,,,,,,,,,,,,,,,,,,,,,,,,,,,,,,,,,,,,
chr7:31000001-32000000,8,4,4,,,,,,,,,,,,,SRR3760960_12_sv.txt,,,,,,,,,,,,,,,,,,,,,,,,,,,,,,,,,,,,,,,,,,,,,,,,,,,,,,,,,,,,,,,,,,,,,,,,,,,SRR3928866_20_sv.txt,,,,,,,,,,,,,,,,,,,,,,,,,,,,,,,,,,,,,,,,,,,,,,,,,,,,,,,,,,,,,,,,,,,,,,,,,,,,,,,,,,,,,,,,,,,,,,,,,,,,,,,,,SRR3953716_12_sv.txt,,,,,,,,,,,,SRR3953761_14_sv.txt,,,,,,,,,,,,,,,,,,,,,,,,,,,,,,,,,,,,,,,,,,,,,,,,,,,,,,,,,,,,,,,,,,,,,,,,,,,,,,,,,,,,,,,,,,,,,,,,,,,,,,,,,,,,,,,,,,,,,,,,,,,,,
chr7:40000001-41000000,4,2,2,,,,,,,,,,,,,,,,,,,,,,,,,,,,,,,,,,,,,,,,,,,,,,,,,,,,,,,,,,,,,,,,,,,,,,,,,,,,,,,,,,,,,,,,,,,,,,,,,,,,,,,,,,,,,,,,,,,,,,,,,,,,,,,,,,,,,,,,,,,,,,,,,,,,,,,,,,,,,,SRR3945477_14_sv.txt,,,,,,,,,,,,,,,,,,,,,,,,,,,,,,,,,,,,,,,,,,,,,,,,,,,,,,,,,,,,,,,,,,,,,,,,,,,,,,,,,,,,,,,,,,,,,,,,,,,,,,,,,,,,,,,,,,,,,,,,,,,,,,,,,,,,,,,,,,SRR5114924_12_sv.txt,,,,,,,,,,,,,,,,,,,,,,,,,,,,,,,,,,
chr7:56000001-57000000,4,2,2,,,,,,,,,,,,,,,,,,,,SRR3760985_21_sv.txt,,,,,,,,,,,,,,,,,,,,,,,,,,,,,,,,,,,,,,,,,,,,,,,,,,,,,,,,,,,,,,,,,,,,,,SRR3928872_15_sv.txt,,,,,,,,,,,,,,,,,,,,,,,,,,,,,,,,,,,,,,,,,,,,,,,,,,,,,,,,,,,,,,,,,,,,,,,,,,,,,,,,,,,,,,,,,,,,,,,,,,,,,,,,,,,,,,,,,,,,,,,,,,,,,,,,,,,,,,,,,,,,,,,,,,,,,,,,,,,,,,,,,,,,,,,,,,,,,,,,,,,,,,,,,,,,,,,,,,,,,,,,,,,,,,,,,,,,,,,,,,,,,,,,,,,,,,,,,,,,,,,,
chr7:70000001-71000000,10,5,5,,,,,,,,SRR3760945_12_sv.txt,,,,,,,,,,,,,,,SRR3760996_13_sv.txt,,,SRR3761002_15_sv.txt,,,,,,,,,,,,,,,,,,,,,,,,,,,,,,,,,,,,,,,,,,,,,,,,,,,,,,,,,,,,,,,,,,,,,,,,,,,,,,,,,,,,,,,,,,,,,,,,,,SRR3931835_21_sv.txt,,,,,,,,,,,,,,,,,,,,,,,,,,,,,,,,,,,,,,,,,,,,,,,,,,,,,,,,,,,,,,,,,,,,,,,,,,,,,,,,,,,,,,,,,,,,,,,,,,,,,,,,,,,,,,,,,,,,,,,,,,,,,,,,,,,,,,,,,,,,,,,,,,,,,,,,,,,,,,,,,,,,,,,,,,,,,,,,,,,,,,,,,,,,,,,,,,,,,,,,,,,SRR5115047_11_sv.txt,,,
chr7:102000001-103000000,2,1,1,,,,,,,,,,,,,,,,,,,,,,,,,,,,,,,,,,,,,,,,,,,,,,,,,,,,,,,,,,,,,,,,,,,,,,,,,,,,,,,,,,,,,,,,,,,,,,,,,,,,,,,,,,,,,,,,,,,,,,,,,,,,,,,,,,,,,,,,,,,,,,,,,,,,,,,,,,,,,,,,,,,,,,,,,,,,,,,,,,,,,,,,,,,,,,,,,,,,,,,,,,,,,,,,,SRR3953783_18_sv.txt,,,,,,,,,,,,,,,,,,,,,,,,,,,,,,,,,,,,,,,,,,,,,,,,,,,,,,,,,,,,,,,,,,,,,,,,,,,,,,,,,,,,,,,,,,,,,,,,,,,,,,,,,,,,,,,,,,,,,,,,,
chr7:142000001-143000000,2,1,1,,,,,,,,,,,,,,,,,,,,,,,,,,,,,,,,,,,,,,,,,,,,,,,,,,,,,,,,,,,,,,,,,,,,,,,,,,,,,,,,,,,,,,,,,,,,,,,,,,,,,,,,,,,,,,,,,,,,,,,,,,,,,,,,,,,,,,,,,,,,SRR3945303_19_sv.txt,,,,,,,,,,,,,,,,,,,,,,,,,,,,,,,,,,,,,,,,,,,,,,,,,,,,,,,,,,,,,,,,,,,,,,,,,,,,,,,,,,,,,,,,,,,,,,,,,,,,,,,,,,,,,,,,,,,,,,,,,,,,,,,,,,,,,,,,,,,,,,,,,,,,,,,,,,,,,,,,,,,,,,,,,,,,,,,,,,,,,,,,,,,,,,
chr7:151000001-152000000,4,2,2,,,,,,,,,,,,,,,,,,,,,,,,,,,,,,,,,,,,,,,,,,,,,,,,,,,,,,,,,,,,,,,,,,,,,,,,,,,,,,,,,,,,,,,,,,,,,,,,,,,,,,,,,,,,,,,,,,,,,,,,,,,,,,,,,SRR3931857_17_sv.txt,,,,,,,,,,,,,,,,,,,,,,,,,,,,,,,,,,,,,,,,,,,,,,,,,,,,,,,,,,,,,,,,,,,,,,,,,,,,,,,,,,,,,,,,,,,,,,,,,,,,,,,,,,,,,,,,,,,,,,,,,,,,,,,,,,SRR3987369_11_sv.txt,,,,,,,,,,,,,,,,,,,,,,,,,,,,,,,,,,,,,,,,,,,,,,,,,,,,,,,,,,,,,,,,,,,,,,,
chr7:156000001-157000000,4,2,2,,,,,,,,,,,,,,,,,,,,,,,,,,,,,,,,,,,,,,,,,,,,,,,,,,,,,,,,,,,,,,,,,,,,,,,,,SRR3928810_15_sv.txt,,,,,,,,,,,,,,,,,,,,,,,,,,,,,,,,,,,,,,,,,,,,,,,,,,,,,,,,,,,,,,,,,,,,,,,,,,,,,,,,,,,,,,,,,,,,,,,,,,,,,,,,,,,,,,,,,,,,,,,,,,,,,,,,,,,,,,,,,,,,,,,,,,,,,,,,,,,,,,,,,,,,,,,,,,,,,,,,,,,,,,,,,,,,,,SRR3989823_19_sv.txt,,,,,,,,,,,,,,,,,,,,,,,,,,,,,,,,,,,,,,,,,,,,,,,,,,,,,,,,,,,,,,,,,,,
chr8:74000001-75000000,2,1,1,,,,,,,,,,,,,,,,,,,,,,,,,,,,,,,,,,,,,,,,,,,,,,,,,,,,,,,,,,,,,,,,,,,,,,,,,,,,,,,,,,,,,,,,,,,,,,,,,,,,,,,,,,,,,,,,,,,,,,,,,,,,,,,,,,,,,,,,,,,,,,,,,,,,,,,,,,,,,,,,,,,,,,,,,,,,,,,,,,,,,,,,,,,,,,,,,,,,,,,,,,,,,,,,,,,,,,,,,,,,,,,,,,,,,,,,,,SRR3987242_20_sv.txt,,,,,,,,,,,,,,,,,,,,,,,,,,,,,,,,,,,,,,,,,,,,,,,,,,,,,,,,,,,,,,,,,,,,,,,,,,,,,,,,,,,,,,,,,,,,,,,,
chr9:32000001-33000000,2,1,1,,,,,,,,,,,,,,,,,,,,,,,,,,,,,,,,,,,,,,,,,,,,,,,,,,,,,,,,,,,,,,,,,,,,,,,,,,,,,,,,,,,,,,,,,,,,,,,,,,,,,,,,,,,,,,,,,,,,,,,,,,,,,,,,,,,,,,,,,,,,,,,,,,,,,,,,,,,,,,,,,,,,,,,,,,,,SRR3949346_19_sv.txt,,,,,,,,,,,,,,,,,,,,,,,,,,,,,,,,,,,,,,,,,,,,,,,,,,,,,,,,,,,,,,,,,,,,,,,,,,,,,,,,,,,,,,,,,,,,,,,,,,,,,,,,,,,,,,,,,,,,,,,,,,,,,,,,,,,,,,,,,,,,,,,,,,,,,,,,,,,,,,
chr9:102000001-103000000,2,1,1,,,,,,,,,,,,,,,,,,,,,,,,,,,,,,,,,,,,,,,,,,,,,,,,,,,,,,,,,,,,,,,,,,,,,,,,,,,,,,,,,,,,,,,,,,,,,,,,,,,,,,,,,,,,,,,,,,,,,,,,,,,,,,,,,,,,,,,,,,,,,,,,,,,,,,,,,,,,,,,,,,,,,,,,,,,,,,,,,,,,,,,,,,,,,,,,,,,,,,,,,,,,,,,,,,,,,,,,,,,,,,,,,,,,,,,,,,,,,,,,,,,,,,,,,,,,,,,,,,,,,,,,,,,,,,,,,,,,,,,,,,,,,,SRR3989892_18_sv.txt,,,,,,,,,,,,,,,,,,,,,,,,,,,,,,,,,,,,,,,,,,,,
chr10:57000001-58000000,2,1,1,,,,,,,,,,,,,,,,,,,,,,,,,,,,,,,,,,,,,,,,,,,,,,,,,,,,,,,,,,,,,,,,,,,,,,,,,,,,,,,,,,,,,,,,,,,,,,,,,,,,,,,,,,,,,,,,,,,,,,,,,,,,,,,,,,,,,,,,,,,,,,,,,,,,,,,,,,,,,,,,,,,,,,,,,,,,,,,,,,,,,,,,,,,,,,,,,,,,,,,,,,,,,,,,,,,,,,,,,,,,,,,,,,,,,,,,,,,,,,SRR3987253_3_sv.txt,,,,,,,,,,,,,,,,,,,,,,,,,,,,,,,,,,,,,,,,,,,,,,,,,,,,,,,,,,,,,,,,,,,,,,,,,,,,,,,,,,,,,,,,,,,,
chr10:125000001-126000000,4,2,2,,,,,,,,,,,,,,,,,,,,,,,,,,,,,,,,,,,,,,,,,,,,,,,,,,,,,,,,,,,,,,,,,SRR3825142_4_sv.txt,,,,,,,,,,,,,,,,,,,,,,,,,,,,,,,,,,,,,,,,,,,,,,,,,,,,,,,,,,,,,,,,,,,,,,,,,,,,,,,,,,,,,,,,,,,,,,,,,,,,,,,,,,,,,,,,,,,,,,,,,,,,,,,,,,,,,,,,,,,,,,,,,,,,,,,,,,,,,,,,,,,,,,,,,,,,,,,,,,,,,,,,,,,,,,,,,,,,,,,,,,,,,,,,,,,,,,,,,,,,,,,,SRR3989897_4_sv.txt,,,,,,,,,,,,,,,,,,,,,,,,,,,,,,,,,,,,,,,,,
chr11:24000001-25000000,2,1,1,,,,,,,,,,,,,,,,,,,,,,,,,,,,,,,,,,,,,,,,,,,,,,,,,,,,,,,,,,,,,,,,,,,,,,,,,,,,,,,,,,,,,,,,,,,SRR3928873_2_sv.txt,,,,,,,,,,,,,,,,,,,,,,,,,,,,,,,,,,,,,,,,,,,,,,,,,,,,,,,,,,,,,,,,,,,,,,,,,,,,,,,,,,,,,,,,,,,,,,,,,,,,,,,,,,,,,,,,,,,,,,,,,,,,,,,,,,,,,,,,,,,,,,,,,,,,,,,,,,,,,,,,,,,,,,,,,,,,,,,,,,,,,,,,,,,,,,,,,,,,,,,,,,,,,,,,,,,,,,,,,,,,,,,,,,,,,,,,,,,,,,,
chr11:55000001-56000000,8,4,4,,,,,,,SRR3760936_1_sv.txt,,,,,,,,,,,,,,,,,,,SRR3761002_3_sv.txt,,,,,,,,,,,,,,,,,,,,,,,,,,,,,,,,,,,,,,,,,,,,,,,,,,,,,,,,,,,,,,,,,,,,,,,,,,,,,,,,,,,,,,,,,,,,,,,,,,,,,,,,,,,,,,,,,,,,,,,,,,,,,,,,,,,,,,,,,,,,,,,,,,,,,,,,,,,,,,,,,,,,,,,,,,,,,,,,,,,,,,,,,,,,,,,,,,,,,,,,,,,,,,,SRR3987238_4_sv.txt,,,,,,,,,,,,,,,,,,,,,,,,,,,,,,,,,,,SRR3989836_5_sv.txt,,,,,,,,,,,,,,,,,,,,,,,,,,,,,,,,,,,,,,,,,,,,,,,,,,,,,,,,,,,,,,
chr11:97000001-98000000,6,3,3,,,,,,,,,,,,,,,,,,,,,,,,,,,,,,,,,,,,,,,,,,,,,,,,,,,,,,,,,,,,,,,,,,,,,,,,,,,,,,,,,,,,,,,,,,,SRR3928873_4_sv.txt,,,,,,,,,,,,,,,,,,,,,,,,,,,,,,,,,,,,,,,,,,,,,,,,,,,,,,,,,,,,,,,,,,,,,,,,,,,,,,,,,,,,,,,,,,,,,,,,,,,,,,,,,,,,,,,,,,,,,,,,,,,,,,,,,,,,,,,,,,,,,,,,,,,,,,,,,,SRR3987280_6_sv.txt,,,,,,,,,,,,,,,,,,,,,SRR3989830_2_sv.txt,,,,,,,,,,,,,,,,,,,,,,,,,,,,,,,,,,,,,,,,,,,,,,,,,,,,,,,,,,,,,,,,
chr11:98000001-99000000,2,1,1,,,,,,,,,,,,,,,,,,,,,,,,,,,,,,,,,,,,,,,,,,,,,,,,,,,,,,,,,,,,,,,,,,,,,,,,,,,,,,,,,,,,,,,,,,,,,,,,,,,,,,,,,,,,,,,,,,,,,,,,,,,,,,,,,,,,,,,,,,,,,,,,,,,,,,,,,,,,,,,,,,,,,,,,,,,,,,,,,,,,,,,,,,,,,,,,,,,,,,,,,,,,,SRR3953761_4_sv.txt,,,,,,,,,,,,,,,,,,,,,,,,,,,,,,,,,,,,,,,,,,,,,,,,,,,,,,,,,,,,,,,,,,,,,,,,,,,,,,,,,,,,,,,,,,,,,,,,,,,,,,,,,,,,,,,,,,,,,,,,,,,,,
chr11:121000001-122000000,2,1,1,,,,,,,,,,,,,,,,,,,,,,,,,,,,,,,,,,,,,,,,,,,,,,,,,,,,,,,,,,,,,,,,,,,,,,,,,,,,,,,,,,,,,,,,,,,,,,,,,,,,,,,,,,,,,,,,,,,,,,,,,,,,,,,,,,,,,,,,,,,,,,,,,,,,,,,,,,,,,,,,,,,,,,,,,,,,,,,,,,,,,,,,,,,,,,,,,,,,,,,,,,,,,,,,,,,,,,,,,,,,,,,,,,,,,,,,,,,,,,,,,,,,,,,,,,,,,,,,,,,,,,,,,,,,,,,,,,,,,,,,,,,,,,,,,,SRR3989901_6_sv.txt,,,,,,,,,,,,,,,,,,,,,,,,,,,,,,,,,,,,,,,,
chr12:46000001-47000000,2,1,1,,,,,,,,,,,,,,,,,,,,,,,,,,,,,,,,,,,,,,,,,,,,,,,,,,,,,,,,,,,,,,,,,,,,,,,,,,,,,,,,,,,,,,,,,,,,,,,,,,,,,,,,,,,,,,,,,,,,,,,,,,,,,,,,,,,,SRR3931880_7_sv.txt,,,,,,,,,,,,,,,,,,,,,,,,,,,,,,,,,,,,,,,,,,,,,,,,,,,,,,,,,,,,,,,,,,,,,,,,,,,,,,,,,,,,,,,,,,,,,,,,,,,,,,,,,,,,,,,,,,,,,,,,,,,,,,,,,,,,,,,,,,,,,,,,,,,,,,,,,,,,,,,,,,,,,,,,,,,,,,,,,,,,,,,,,,,,,,,,,,,,,,
chr12:70000001-71000000,1,1,1,,,,,,,,,,,,,,,,,,,,,,,,,,,,,,,,,,,,,,,,,,,,,,,,,,,,,,,,,,,,,,,,,,,,,,,,,,,,,,,,,,,,,,,,,,,,,,,,,,,,,,,,,,,,,,,,,,,,,,,,,,,,,,,,,,,,,,,,,,,,,,,,,,,,,,,,,,,,,,,,,,,,,,,,,,,,,,,,,,,,,,,,,,,,,,,,,,,,,,,,,,,,,,,,,,,,,,,,,,SRR3953820_5_sv.txt,,,,,,,,,,,,,,,,,,,,,,,,,,,,,,,,,,,,,,,,,,,,,,,,,,,,,,,,,,,,,,,,,,,,,,,,,,,,,,,,,,,,,,,,,,,,,,,,,,,,,,,,,,,,,,,,
chr12:71000001-72000000,3,2,2,,,,,,,,,,,,,,,,,,,,,,,,,,,,,,,,,,,,,,,,,,,,,,,,,,,,,,,,,,,,,,,,,,,,,,,,,,,,,,,,,,,,,,,,,,,,,,,,,,,,,,,,,,,,,,,,,,,,,,,,,,,,,,,,,,,,,,,,,,,,,,,,,,,,,,,,,,,,,,,,,,,,,,,,,,,,,,,,,,,,,,,,,,,,,,,,,,,,,,,,,,,,,,,,,,,,,,,,,,SRR3953820_5_sv.txt,,,,,,,,,,,,,,,,,,,,,,,,,,,,,,,,,,,,,,,,,,,,,,,,,,,,,,,,,,SRR3989862_5_sv.txt,,,,,,,,,,,,,,,,,,,,,,,,,,,,,,,,,,,,,,,,,,,,,,,,,,,,,,
chr12:77000001-78000000,20,10,10,,,,,,,,,,,,,,,,,,,,,,,,,SRR3761001_3_sv.txt,,,SRR3761011_6_sv.txt,,,,,,,,,,,,,,,,,,,,,,,,,,,,,,,,,,,,,,,,,,,SRR3928804_5_sv.txt,,,,,,,,,,,,,,,,,,,,,,,,,,,,,,,,,,,,,,,SRR3931776_6_sv.txt,,,,,,,,,,,,,,,,,,,,,,,,,,,,,,,,,,,,,,,,,,,,,,,,,,,,SRR3945488_5_sv.txt,,,,,,,,,,,,,,,,,,,,,,,,,,,,,,,,,,,,,,,,,,SRR3953759_3_sv.txt,,,,,,,,,,,,,,,,,,,,,,,,,,,,,,,,,,,,,,SRR3987273_5_sv.txt,,,,,,,,,,,,,,,,,,,,,,,,SRR3989830_4_sv.txt,,,,,,,,,,,,,,,,,,,,SRR3989892_4_sv.txt,,,,,,,,,,,,,,,,,,,,,,,,,,,,,,,,,,,,,SRR5115032_2_sv.txt,,,,,,,
chr12:90000001-91000000,2,1,1,,,,,,,,,,,,,,,,,,,,,,,,,,,,,,,,,,,,,,,,,,,,,,,,,,,,,,,,,,,,,,,,,,,,,,,,,,,,,,,,,,,,,,,,,,,,,,,,,,,,,,,,,,,,,,,,,,,,,,,,,,,,,,,,,,,,SRR3931880_8_sv.txt,,,,,,,,,,,,,,,,,,,,,,,,,,,,,,,,,,,,,,,,,,,,,,,,,,,,,,,,,,,,,,,,,,,,,,,,,,,,,,,,,,,,,,,,,,,,,,,,,,,,,,,,,,,,,,,,,,,,,,,,,,,,,,,,,,,,,,,,,,,,,,,,,,,,,,,,,,,,,,,,,,,,,,,,,,,,,,,,,,,,,,,,,,,,,,,,,,,,,,
chr12:121000001-122000000,2,1,1,,,,,,,,,,,,,,,,,,,,,,,,,,,,,,,,,,,,,,,,,,,,,,,,,,,,,,,,,,,,,,,,,,,,,,,,,,,,,,,,,,,,,,,,,,,,,,,,,,,,,,,,,,,,,,,,,,,,,,,,,,,,,,,,,,,,,,,,,,,,,,,,,,,,,,,,,,,,,,,,,,,,,,,,,,,,,,,,,,,,,,,,,,,,,,,,,,,,,,,,SRR3953748_6_sv.txt,,,,,,,,,,,,,,,,,,,,,,,,,,,,,,,,,,,,,,,,,,,,,,,,,,,,,,,,,,,,,,,,,,,,,,,,,,,,,,,,,,,,,,,,,,,,,,,,,,,,,,,,,,,,,,,,,,,,,,,,,,,,,,,,,,
chr13:95000001-96000000,2,1,1,,,,,,,,,,,,,,,,,,,,,,,,,,,,,,,,,,,,,,,,,,,,,,,,,,,,SRR3825094_8_sv.txt,,,,,,,,,,,,,,,,,,,,,,,,,,,,,,,,,,,,,,,,,,,,,,,,,,,,,,,,,,,,,,,,,,,,,,,,,,,,,,,,,,,,,,,,,,,,,,,,,,,,,,,,,,,,,,,,,,,,,,,,,,,,,,,,,,,,,,,,,,,,,,,,,,,,,,,,,,,,,,,,,,,,,,,,,,,,,,,,,,,,,,,,,,,,,,,,,,,,,,,,,,,,,,,,,,,,,,,,,,,,,,,,,,,,,,,,,,,,,,,,,,,,,,,,,,,,,,,,,,,,,,,,,,,,,,,,,,,,,,
chr14:44000001-45000000,2,1,1,,,,,,,,,,,,,,,,,,,,,,,,,,,,,,,,,,,,,,,,,,,,,,,,,,,,,,,,,,,,,,,,,,,,,,,,,,,,,,,,,,,,,,,,,,,,,,,,,,,,,,,,,,,,,,,,,,,,,,,,,,,,,,,,,,,,,,,,,,,,,,,,,,,,,,,,,,,,,,,,,,,,,,,,,,,,,,,,,,,,,,,,,,,,,,,,,,,,,,,,,,,,,,,,,,,,,,SRR3953809_5_sv.txt,,,,,,,,,,,,,,,,,,,,,,,,,,,,,,,,,,,,,,,,,,,,,,,,,,,,,,,,,,,,,,,,,,,,,,,,,,,,,,,,,,,,,,,,,,,,,,,,,,,,,,,,,,,,,,,,,,,,
chr14:66000001-67000000,8,4,4,,,,,,,,,,,,,,,,,,,,,,,,,,,,,,,,,,,,,,,,,,,,,,,,,,,,,,,,,,,,,,,,,,,,,,,,,,,,,,,,,,,,,,,,,,,,,,,,,,,,,,,,,,,,,,,,,,,,,,,,,,,,,,,,,,,,SRR3931880_9_sv.txt,,,,,,,,,,,,,,,,,,,,,,,,,,,,,,,,SRR3945491_8_sv.txt,,,,,,,,,,,,,,,,,,,,,,,,,,,,,,,,,,,,,,,,,,,,,,,,,,,,,,,,,,,,,,,,,,,SRR3987234_7_sv.txt,,,,,,,,,,,,,,,,,,,,,,,,,,,,,,,,,,,,,,,,,,,,,,,,,,,,,,,,,,,SRR3989901_9_sv.txt,,,,,,,,,,,,,,,,,,,,,,,,,,,,,,,,,,,,,,,,
chr16:69000001-70000000,6,3,3,,,,,,,,,,,,,,,,,,,,,,,,,,,,,,,,,,,,,,,,,,,,,,,,,,,,,,,,,,,,,,,,,,,,,,,,,,,,,,,,,,,,,,,,,,,,,,,,,,,,,,,,,,,,SRR3931771_9_sv.txt,,,,,,,,,,,,,,,,,,,,,,,,,,,,,,,,,,,,,,,,,,,,,,,,,,,,,,,,,SRR3945494_8_sv.txt,,,,,,,,,,,,,,,,,,,,,,,,,,,,,,,,,,,,,,,,,,,,,,,,,,,,,,,,,,,,,,,,,,,,,,,,,,,,,,,,,,,,,,,,,,,,,,,,,,,,,,,,,,,,,,SRR3989860_4_sv.txt,,,,,,,,,,,,,,,,,,,,,,,,,,,,,,,,,,,,,,,,,,,,,,,,,,,,,,,
chr16:85000001-86000000,30,15,15,,,SRR3825071_7_sv.txt,,,,,,,,SRR3760954_8_sv.txt,,,,,,,,,,,,,,,,,,,,,,,,,,,,,,,,,,,,,,,,,,,,,,,,,,,,,,,,,,,,,,,,,,,,,,,,,,,,,,,,,SRR3928875_8_sv.txt,,,,,,,,,,,,,,,,,SRR3931775_11_sv.txt,,,,,,,,SRR3931812_6_sv.txt,,,,,,,,,,,,,,,,,SRR3945282_4_sv.txt,,,,,,,,,,,,,,,,,,,,,,,,,,,,,,,,,,,,,,,,,,,,,,,,,,,,,,,,,,,,,,,SRR3953739_5_sv.txt,,,,,,,,,,,,,,,,,,SRR3953811_6_sv.txt,,,,,,,,,,SRR3953843_6_sv.txt,,,,,,,,,,,,,,,,,,,,,,,,,,,,,,,,,,,,,,,,,,,,,,,,,,,,,,,,,,,,,,,,,,,,,,,SRR5114924_6_sv.txt,,SRR5114936_5_sv.txt,,,,SRR5114960_9_sv.txt,,,,,,,,,,,,,,,,SRR5115011_5_sv.txt,SRR5115017_5_sv.txt,,,,,SRR5115035_4_sv.txt,,,,,,
chr20:44000001-45000000,38,19,19,,SRR3760940_8_sv.txt,,,,,,,SRR3760946_13_sv.txt,,,,,,,SRR3760970_15_sv.txt,,,,,,,,,,,,,,,,SRR3761024_12_sv.txt,SRR3761025_9_sv.txt,SRR3761026_12_sv.txt,,,,,,,,,,,,,,,,,,,,,,,,,,,,,,,,,,,,,,,,,,,,,,,SRR3928843_14_sv.txt,,,,,,,,,,,,,,,,,,,,,,,,,,,SRR3931771_15_sv.txt,,,,,,,,,,,,,,,,,,,,,,,,,,,,SRR3945294_11_sv.txt,,,,,,,,,,,,,,,SRR3945341_11_sv.txt,,,,,,,,,,,,,,,,,,,,,SRR3949346_10_sv.txt,,,,,,,,,,,,,,,,,,,,,,,,,,,,,,,,,,,,,,,SRR3953792_12_sv.txt,,,,,,,,,,,,,,,,,,,,,,SRR3987238_9_sv.txt,SRR3987242_8_sv.txt,,,,,,,,,,,,,,,,,,,,,,,,,,SRR3989816_12_sv.txt,,,,,,,,,,,SRR3989845_7_sv.txt,,,,,,,,,,,,,,,,,,,,,,SRR4017544_10_sv.txt,SRR5114918_9_sv.txt,,,,,,,,,,,,,,,,SRR5114987_7_sv.txt,,,,,,,,,,,,,,,,,,,,
chr21:26000001-27000000,240,120,120,SRR3760937_14_sv.txt,,SRR3825071_10_sv.txt,,,,,,SRR3760946_14_sv.txt,,SRR3760954_13_sv.txt,SRR3760957_8_sv.txt,SRR3760960_8_sv.txt,,SRR3760965_10_sv.txt,,,,,SRR3760985_13_sv.txt,SRR3760987_5_sv.txt,SRR3760995_7_sv.txt,SRR3760996_9_sv.txt,,,SRR3761002_12_sv.txt,,SRR3761011_11_sv.txt,SRR3761013_10_sv.txt,,,SRR3761024_13_sv.txt,,,,,SRR3761035_13_sv.txt,SRR3825048_10_sv.txt,,,,,,SRR3825068_9_sv.txt,,SRR3825079_11_sv.txt,,SRR3825083_14_sv.txt,,SRR3825088_9_sv.txt,SRR3825093_12_sv.txt,,,SRR3825098_8_sv.txt,SRR3825100_17_sv.txt,,,SRR3825112_10_sv.txt,SRR3825121_8_sv.txt,SRR3825123_7_sv.txt,,,,SRR3825141_11_sv.txt,SRR3825142_19_sv.txt,SRR3825143_7_sv.txt,SRR3825145_6_sv.txt,,,,,,SRR3928810_8_sv.txt,,,SRR3928830_14_sv.txt,,,,,,SRR3928849_12_sv.txt,SRR3928850_14_sv.txt,,,SRR3928859_10_sv.txt,SRR3928863_10_sv.txt,SRR3928866_11_sv.txt,,,,,,,SRR3928888_12_sv.txt,,SRR3928890_10_sv.txt,,,,SRR3928897_12_sv.txt,SRR3931724_11_sv.txt,,,,,,,SRR3931775_15_sv.txt,,,,SRR3931787_11_sv.txt,SRR3931791_8_sv.txt,,,,,,,SRR3931829_12_sv.txt,,SRR3931833_8_sv.txt,,,,,,SRR3931857_10_sv.txt,,,,,SRR3945282_6_sv.txt,,,SRR3945296_10_sv.txt,,,SRR3945303_12_sv.txt,,,,SRR3945316_5_sv.txt,,,SRR3945326_14_sv.txt,SRR3945327_11_sv.txt,SRR3945332_14_sv.txt,,SRR3945341_12_sv.txt,SRR3945343_8_sv.txt,SRR3945349_10_sv.txt,,,,,SRR3945477_8_sv.txt,,,,SRR3945488_11_sv.txt,,,,,,,,,,SRR3949346_11_sv.txt,,SRR3949358_11_sv.txt,,,SRR3949377_11_sv.txt,,SRR3949381_13_sv.txt,,,,SRR3949394_11_sv.txt,,,SRR3949403_9_sv.txt,SRR3949404_17_sv.txt,,SRR3949414_11_sv.txt,,,,,,,,,,,SRR3953748_9_sv.txt,SRR3953751_9_sv.txt,,,SRR3953759_13_sv.txt,SRR3953761_11_sv.txt,SRR3953765_7_sv.txt,,,,,,SRR3953798_7_sv.txt,,,,SRR3953813_10_sv.txt,SRR3953814_13_sv.txt,,,,,,SRR3953840_14_sv.txt,SRR3953841_14_sv.txt,,SRR3953844_12_sv.txt,,SRR3953849_12_sv.txt,SRR3987226_8_sv.txt,,SRR3987234_9_sv.txt,,,SRR3987242_9_sv.txt,SRR3987244_16_sv.txt,SRR3987250_10_sv.txt,,,SRR3987258_7_sv.txt,,,SRR3987273_11_sv.txt,,,,,SRR3987316_9_sv.txt,,,,,,,SRR3987351_8_sv.txt,,,,,,SRR3989816_13_sv.txt,,SRR3989822_15_sv.txt,SRR3989823_12_sv.txt,,SRR3989826_11_sv.txt,,SRR3989831_15_sv.txt,SRR3989836_13_sv.txt,,,,,,,,,SRR3989863_16_sv.txt,,SRR3989869_10_sv.txt,,SRR3989877_8_sv.txt,SRR3989879_13_sv.txt,,SRR3989882_8_sv.txt,,,,,SRR3989897_11_sv.txt,,,,SRR4017544_11_sv.txt,,SRR5114921_6_sv.txt,SRR5114924_7_sv.txt,SRR5114927_7_sv.txt,,SRR5114948_10_sv.txt,,,SRR5114960_11_sv.txt,SRR5114963_6_sv.txt,SRR5114966_6_sv.txt,,,,SRR5114981_16_sv.txt,SRR5114984_8_sv.txt,SRR5114987_8_sv.txt,,,,SRR5114999_10_sv.txt,,SRR5115005_7_sv.txt,,SRR5115011_7_sv.txt,,SRR5115023_7_sv.txt,,,SRR5115032_6_sv.txt,SRR5115035_7_sv.txt,,SRR5115044_7_sv.txt,,,,SRR5115056_8_sv.txt
