SampleID,g_NRXN1,g_CCDC74A,g_FAM168B,g_APP,g_CYYR1
SRR3928827,BFB-FBI,-,BFB-INS/DEL+TRX,BFB-INS/DEL+TRX,-
SRR3987349,BFB-FBI,-,-,BFB-INS/DEL+TRX,BFB-INS/DEL+TRX
SRR3949380,BFB-INS/DEL,BFB-FBI,BFB-INS/DEL,BFB-INS/DEL,-
SRR3945332,BFB-INS/DEL,BFB-FBI,-,BFB-INS/DEL,BFB-INS/DEL
SRR3987250,BFB-INS/DEL,BFB-FBI,-,BFB-INS/DEL,-
SRR5114999,BFB-INS/DEL,BFB-FBI,-,BFB-INS/DEL,-
SRR3989905,BFB-INS/DEL,BFB-INS/DEL,BFB-INS/DEL,BFB-INS/DEL,BFB-INS/DEL
SRR3953811,BFB-INS/DEL,BFB-INS/DEL,BFB-INS/DEL,BFB-INS/DEL,BFB-INS/DEL
SRR3945327,BFB-INS/DEL,BFB-INS/DEL,BFB-INS/DEL,BFB-INS/DEL,BFB-INS/DEL
SRR3949381,BFB-INS/DEL,BFB-INS/DEL,BFB-INS/DEL,BFB-INS/DEL,BFB-INS/DEL
SRR3987264,BFB-INS/DEL,BFB-INS/DEL,BFB-INS/DEL,BFB-INS/DEL,BFB-INS/DEL
SRR3987357,BFB-INS/DEL,BFB-INS/DEL,BFB-INS/DEL,BFB-INS/DEL,BFB-INS/DEL
SRR3949387,BFB-INS/DEL,BFB-INS/DEL,BFB-INS/DEL,BFB-INS/DEL,-
SRR3760946,BFB-INS/DEL,BFB-INS/DEL,BFB-INS/DEL,BFB-INS/DEL,-
SRR3953840,BFB-INS/DEL,BFB-INS/DEL,BFB-INS/DEL,BFB-INS/DEL,-
SRR3931812,BFB-INS/DEL,BFB-INS/DEL,BFB-INS/DEL,BFB-INS/DEL,-
SRR5115050,BFB-INS/DEL,BFB-INS/DEL,BFB-INS/DEL,BFB-INS/DEL,-
SRR3931747,BFB-INS/DEL,BFB-INS/DEL,BFB-INS/DEL,BFB-INS/DEL,-
SRR3989850,BFB-INS/DEL,BFB-INS/DEL,BFB-INS/DEL,BFB-INS/DEL,-
SRR3825058,BFB-INS/DEL,BFB-INS/DEL,BFB-INS/DEL,BFB-INS/DEL,-
SRR3931846,BFB-INS/DEL,BFB-INS/DEL,BFB-INS/DEL,BFB-INS/DEL,-
SRR3928842,BFB-INS/DEL,BFB-INS/DEL,BFB-INS/DEL,BFB-INS/DEL,-
SRR3931752,BFB-INS/DEL,BFB-INS/DEL,BFB-INS/DEL,BFB-INS/DEL,-
SRR3989881,BFB-INS/DEL,BFB-INS/DEL,BFB-INS/DEL,BFB-INS/DEL,-
SRR3760949,BFB-INS/DEL,BFB-INS/DEL,BFB-INS/DEL,BFB-INS/DEL,-
SRR3953783,BFB-INS/DEL,BFB-INS/DEL,BFB-INS/DEL,BFB-INS/DEL,-
SRR3761013,BFB-INS/DEL,BFB-INS/DEL,BFB-INS/DEL,BFB-INS/DEL+TRX,-
SRR3825096,BFB-INS/DEL,BFB-INS/DEL,BFB-INS/DEL,BFB-INS/DEL+TRX,-
SRR3825083,BFB-INS/DEL,BFB-INS/DEL,BFB-INS/DEL,BFB-INS/DEL+TRX,-
SRR3928897,BFB-INS/DEL,BFB-INS/DEL,BFB-INS/DEL,-,-
SRR3761033,BFB-INS/DEL,BFB-INS/DEL,BFB-INS/DEL,-,-
SRR3761001,BFB-INS/DEL,BFB-INS/DEL,BFB-INS/DEL,-,-
SRR3987362,BFB-INS/DEL,BFB-INS/DEL,BFB-INS/DEL,-,-
SRR3953746,BFB-INS/DEL,BFB-INS/DEL,BFB-INS/DEL,-,-
SRR3949371,BFB-INS/DEL,BFB-INS/DEL,BFB-INS/DEL,-,-
SRR3825125,BFB-INS/DEL,BFB-INS/DEL,-,-,-
SRR3760962,BFB-INS/DEL,BFB-INS/DEL+TRX,BFB-INS/DEL+TRX,BFB-INS/DEL,BFB-INS/DEL
SRR3760965,BFB-INS/DEL,BFB-INS/DEL+TRX,BFB-INS/DEL+TRX,BFB-INS/DEL,BFB-INS/DEL
SRR3945296,BFB-INS/DEL,BFB-INS/DEL+TRX,BFB-INS/DEL+TRX,BFB-INS/DEL,BFB-INS/DEL
SRR3987277,BFB-INS/DEL,BFB-INS/DEL+TRX,BFB-INS/DEL+TRX,BFB-INS/DEL,BFB-INS/DEL
SRR5115008,BFB-INS/DEL,BFB-INS/DEL+TRX,BFB-INS/DEL+TRX,BFB-INS/DEL,-
SRR3928804,BFB-INS/DEL,BFB-INS/DEL+TRX,BFB-INS/DEL+TRX,BFB-INS/DEL,-
SRR3761005,BFB-INS/DEL,BFB-INS/DEL+TRX,BFB-INS/DEL+TRX,BFB-INS/DEL,-
SRR3931735,BFB-INS/DEL,BFB-INS/DEL+TRX,BFB-INS/DEL+TRX,BFB-INS/DEL+TRX,BFB-INS/DEL+TRX
SRR3987280,BFB-INS/DEL,BFB-INS/DEL+TRX,BFB-INS/DEL+TRX,BFB-INS/DEL+TRX,-
SRR5115029,BFB-INS/DEL,BFB-INS/DEL+TRX,BFB-INS/DEL+TRX,BFB-INS/DEL+TRX,-
SRR3949431,BFB-INS/DEL,BFB-INS/DEL+TRX,BFB-INS/DEL+TRX,-,-
SRR3945343,BFB-INS/DEL,BFB-INS/DEL+TRX,-,BFB-INS/DEL,BFB-INS/DEL
SRR3931787,BFB-INS/DEL,BFB-INS/DEL+TRX,-,BFB-INS/DEL,BFB-INS/DEL
SRR3989839,BFB-INS/DEL,BFB-INS/DEL+TRX,-,BFB-INS/DEL,BFB-INS/DEL
SRR3928863,BFB-INS/DEL,BFB-INS/DEL+TRX,-,BFB-INS/DEL,BFB-INS/DEL
SRR3953765,BFB-INS/DEL,BFB-INS/DEL+TRX,-,BFB-INS/DEL,BFB-INS/DEL
SRR3945476,BFB-INS/DEL,BFB-INS/DEL+TRX,-,BFB-INS/DEL,-
SRR3949346,BFB-INS/DEL,BFB-INS/DEL+TRX,-,BFB-INS/DEL,-
SRR3987253,BFB-INS/DEL,BFB-INS/DEL+TRX,-,BFB-INS/DEL,-
SRR3928891,BFB-INS/DEL,BFB-INS/DEL+TRX,-,BFB-INS/DEL+TRX,-
SRR3945316,BFB-INS/DEL,BFB-INS/DEL+TRX,-,-,-
SRR3825112,BFB-INS/DEL,BFB-TRX,BFB-TRX,BFB-INS/DEL,BFB-INS/DEL
SRR3989847,BFB-INS/DEL,BFB-TRX,-,BFB-INS/DEL,-
SRR3928800,BFB-INS/DEL,BFB-TRX,-,BFB-INS/DEL,-
SRR3945488,BFB-INS/DEL,BFB-TRX,-,BFB-INS/DEL+TRX,BFB-INS/DEL+TRX
SRR3987251,BFB-INS/DEL,BFB-TRX,-,-,-
SRR3989862,BFB-INS/DEL,-,BFB-INS/DEL,BFB-INS/DEL,BFB-INS/DEL
SRR3945282,BFB-INS/DEL,-,BFB-INS/DEL,BFB-INS/DEL,BFB-INS/DEL
SRR3953826,BFB-INS/DEL,-,BFB-INS/DEL,BFB-INS/DEL,-
SRR3928822,BFB-INS/DEL,-,BFB-INS/DEL,BFB-INS/DEL,-
SRR3928850,BFB-INS/DEL,-,BFB-INS/DEL,BFB-INS/DEL,-
SRR3928873,BFB-INS/DEL,-,BFB-INS/DEL,BFB-INS/DEL,-
SRR3953768,BFB-INS/DEL,-,BFB-INS/DEL,BFB-INS/DEL,-
SRR3931781,BFB-INS/DEL,-,BFB-INS/DEL,BFB-INS/DEL,-
SRR3928807,BFB-INS/DEL,-,BFB-INS/DEL,BFB-INS/DEL,-
SRR3987234,BFB-INS/DEL,-,BFB-INS/DEL,BFB-INS/DEL,-
SRR3761035,BFB-INS/DEL,-,BFB-INS/DEL,BFB-INS/DEL,-
SRR3953792,BFB-INS/DEL,-,BFB-INS/DEL,BFB-INS/DEL,-
SRR3928810,BFB-INS/DEL,-,BFB-INS/DEL,BFB-INS/DEL+TRX,-
SRR3989819,BFB-INS/DEL,-,BFB-INS/DEL,BFB-INS/DEL+TRX,-
SRR3987237,BFB-INS/DEL,-,BFB-INS/DEL,BFB-INS/DEL+TRX,-
SRR3760978,BFB-INS/DEL,-,BFB-INS/DEL,-,-
SRR3931763,BFB-INS/DEL,-,BFB-INS/DEL,-,-
SRR3945469,BFB-INS/DEL,-,BFB-INS/DEL,-,-
SRR5115041,BFB-INS/DEL,-,BFB-INS/DEL,-,-
SRR5114921,BFB-INS/DEL,-,BFB-INS/DEL+TRX,BFB-FBI,BFB-FBI
SRR3825060,BFB-INS/DEL,-,BFB-INS/DEL+TRX,BFB-FBI,BFB-FBI
SRR3931840,BFB-INS/DEL,-,BFB-INS/DEL+TRX,BFB-INS/DEL,BFB-INS/DEL
SRR5115059,BFB-INS/DEL,-,BFB-INS/DEL+TRX,BFB-INS/DEL,BFB-INS/DEL
SRR3761015,BFB-INS/DEL,-,BFB-INS/DEL+TRX,BFB-INS/DEL,BFB-INS/DEL
SRR5115032,BFB-INS/DEL,-,BFB-INS/DEL+TRX,BFB-INS/DEL,BFB-INS/DEL
SRR3931827,BFB-INS/DEL,-,BFB-INS/DEL+TRX,BFB-INS/DEL,BFB-INS/DEL
SRR3945326,BFB-INS/DEL,-,BFB-INS/DEL+TRX,BFB-INS/DEL,BFB-INS/DEL
SRR3945312,BFB-INS/DEL,-,BFB-INS/DEL+TRX,BFB-INS/DEL,BFB-INS/DEL
SRR3931775,BFB-INS/DEL,-,BFB-INS/DEL+TRX,BFB-INS/DEL,BFB-INS/DEL
SRR3825086,BFB-INS/DEL,-,BFB-INS/DEL+TRX,BFB-INS/DEL,BFB-INS/DEL
SRR5114969,BFB-INS/DEL,-,BFB-INS/DEL+TRX,BFB-INS/DEL,-
SRR3825098,BFB-INS/DEL,-,BFB-INS/DEL+TRX,BFB-INS/DEL,-
SRR3953774,BFB-INS/DEL,-,BFB-INS/DEL+TRX,BFB-INS/DEL,-
SRR3987346,BFB-INS/DEL,-,BFB-INS/DEL+TRX,BFB-INS/DEL,-
SRR5114912,BFB-INS/DEL,-,BFB-INS/DEL+TRX,BFB-INS/DEL,-
SRR3825064,BFB-INS/DEL,-,BFB-INS/DEL+TRX,BFB-INS/DEL,-
SRR3945315,BFB-INS/DEL,-,BFB-INS/DEL+TRX,BFB-INS/DEL,-
SRR3953847,BFB-INS/DEL,-,BFB-INS/DEL+TRX,BFB-INS/DEL,-
SRR3931791,BFB-INS/DEL,-,BFB-INS/DEL+TRX,BFB-INS/DEL,-
SRR3945317,BFB-INS/DEL,-,BFB-INS/DEL+TRX,BFB-INS/DEL+TRX,-
SRR3931830,BFB-INS/DEL,-,BFB-INS/DEL+TRX,BFB-INS/DEL+TRX,-
SRR3953820,BFB-INS/DEL,-,BFB-INS/DEL+TRX,BFB-INS/DEL+TRX,-
SRR3989845,BFB-INS/DEL,-,BFB-INS/DEL+TRX,-,-
SRR3945489,BFB-INS/DEL,-,BFB-INS/DEL+TRX,-,-
SRR3989831,BFB-INS/DEL,-,BFB-INS/DEL+TRX,-,-
SRR3825081,BFB-INS/DEL,-,BFB-TRX,BFB-INS/DEL,BFB-INS/DEL
SRR3760937,BFB-INS/DEL,-,BFB-TRX,-,-
SRR3931880,BFB-INS/DEL,-,-,BFB-FBI,BFB-FBI
SRR3949329,BFB-INS/DEL,-,-,BFB-FBI,BFB-FBI
SRR5114918,BFB-INS/DEL,-,-,BFB-FBI,-
SRR3825137,BFB-INS/DEL,-,-,BFB-FBI,-
SRR3987341,BFB-INS/DEL,-,-,BFB-INS/DEL,BFB-INS/DEL
SRR3931859,BFB-INS/DEL,-,-,BFB-INS/DEL,BFB-INS/DEL
SRR3928803,BFB-INS/DEL,-,-,BFB-INS/DEL,BFB-INS/DEL
SRR3945294,BFB-INS/DEL,-,-,BFB-INS/DEL,BFB-INS/DEL
SRR3825050,BFB-INS/DEL,-,-,BFB-INS/DEL,BFB-INS/DEL
SRR5114960,BFB-INS/DEL,-,-,BFB-INS/DEL,BFB-INS/DEL
SRR3989892,BFB-INS/DEL,-,-,BFB-INS/DEL,BFB-INS/DEL
SRR3949402,BFB-INS/DEL,-,-,BFB-INS/DEL,BFB-INS/DEL
SRR5114975,BFB-INS/DEL,-,-,BFB-INS/DEL,BFB-INS/DEL
SRR3825121,BFB-INS/DEL,-,-,BFB-INS/DEL,BFB-INS/DEL
SRR3760996,BFB-INS/DEL,-,-,BFB-INS/DEL,BFB-INS/DEL
SRR3989830,BFB-INS/DEL,-,-,BFB-INS/DEL,BFB-INS/DEL
SRR3761026,BFB-INS/DEL,-,-,BFB-INS/DEL,BFB-INS/DEL
SRR3953836,BFB-INS/DEL,-,-,BFB-INS/DEL,BFB-INS/DEL
SRR3989824,BFB-INS/DEL,-,-,BFB-INS/DEL,BFB-INS/DEL
SRR3949377,BFB-INS/DEL,-,-,BFB-INS/DEL,BFB-INS/DEL
SRR3949414,BFB-INS/DEL,-,-,BFB-INS/DEL,BFB-INS/DEL
SRR3989877,BFB-INS/DEL,-,-,BFB-INS/DEL,BFB-INS/DEL
SRR3949322,BFB-INS/DEL,-,-,BFB-INS/DEL,BFB-INS/DEL
SRR5115005,BFB-INS/DEL,-,-,BFB-INS/DEL,BFB-INS/DEL
SRR3931829,BFB-INS/DEL,-,-,BFB-INS/DEL,BFB-INS/DEL
SRR3825048,BFB-INS/DEL,-,-,BFB-INS/DEL,BFB-INS/DEL
SRR3949401,BFB-INS/DEL,-,-,BFB-INS/DEL,BFB-INS/DEL
SRR3987270,BFB-INS/DEL,-,-,BFB-INS/DEL,BFB-INS/DEL
SRR3760936,BFB-INS/DEL,-,-,BFB-INS/DEL,BFB-INS/DEL
SRR3987316,BFB-INS/DEL,-,-,BFB-INS/DEL,BFB-INS/DEL
SRR3987273,BFB-INS/DEL,-,-,BFB-INS/DEL,BFB-INS/DEL
SRR5114957,BFB-INS/DEL,-,-,BFB-INS/DEL,BFB-INS/DEL
SRR3945491,BFB-INS/DEL,-,-,BFB-INS/DEL,BFB-INS/DEL
SRR3989897,BFB-INS/DEL,-,-,BFB-INS/DEL,BFB-INS/DEL
SRR3987369,BFB-INS/DEL,-,-,BFB-INS/DEL,BFB-INS/DEL
SRR3928843,BFB-INS/DEL,-,-,BFB-INS/DEL,BFB-INS/DEL
SRR3953843,BFB-INS/DEL,-,-,BFB-INS/DEL,BFB-INS/DEL
SRR3928859,BFB-INS/DEL,-,-,BFB-INS/DEL,BFB-INS/DEL
SRR5115011,BFB-INS/DEL,-,-,BFB-INS/DEL,BFB-INS/DEL
SRR3928890,BFB-INS/DEL,-,-,BFB-INS/DEL,BFB-INS/DEL
SRR3989895,BFB-INS/DEL,-,-,BFB-INS/DEL,BFB-INS/DEL
SRR3987363,BFB-INS/DEL,-,-,BFB-INS/DEL,BFB-INS/DEL
SRR3989901,BFB-INS/DEL,-,-,BFB-INS/DEL,BFB-INS/DEL
SRR3945303,BFB-INS/DEL,-,-,BFB-INS/DEL,BFB-INS/DEL
SRR5114927,BFB-INS/DEL,-,-,BFB-INS/DEL,BFB-INS/DEL
SRR3949330,BFB-INS/DEL,-,-,BFB-INS/DEL,BFB-INS/DEL
SRR3949410,BFB-INS/DEL,-,-,BFB-INS/DEL,BFB-INS/DEL
SRR3953829,BFB-INS/DEL,-,-,BFB-INS/DEL,BFB-INS/DEL
SRR5115026,BFB-INS/DEL,-,-,BFB-INS/DEL,BFB-INS/DEL
SRR4017544,BFB-INS/DEL,-,-,BFB-INS/DEL,BFB-INS/DEL
SRR3987322,BFB-INS/DEL,-,-,BFB-INS/DEL,BFB-INS/DEL
SRR3928871,BFB-INS/DEL,-,-,BFB-INS/DEL,BFB-INS/DEL
SRR3953739,BFB-INS/DEL,-,-,BFB-INS/DEL,BFB-INS/DEL
SRR3949384,BFB-INS/DEL,-,-,BFB-INS/DEL,BFB-INS/DEL
SRR5115017,BFB-INS/DEL,-,-,BFB-INS/DEL,BFB-INS/DEL
SRR3931724,BFB-INS/DEL,-,-,BFB-INS/DEL,BFB-INS/DEL
SRR3987367,BFB-INS/DEL,-,-,BFB-INS/DEL,BFB-INS/DEL
SRR3931736,BFB-INS/DEL,-,-,BFB-INS/DEL,BFB-INS/DEL
SRR3945299,BFB-INS/DEL,-,-,BFB-INS/DEL,-
SRR5114981,BFB-INS/DEL,-,-,BFB-INS/DEL,-
SRR3931792,BFB-INS/DEL,-,-,BFB-INS/DEL,-
SRR3953809,BFB-INS/DEL,-,-,BFB-INS/DEL,-
SRR3949332,BFB-INS/DEL,-,-,BFB-INS/DEL,-
SRR3987351,BFB-INS/DEL,-,-,BFB-INS/DEL,-
SRR3953748,BFB-INS/DEL,-,-,BFB-INS/DEL,-
SRR3761024,BFB-INS/DEL,-,-,BFB-INS/DEL,-
SRR3928889,BFB-INS/DEL,-,-,BFB-INS/DEL,-
SRR3928866,BFB-INS/DEL,-,-,BFB-INS/DEL,-
SRR3931816,BFB-INS/DEL,-,-,BFB-INS/DEL,-
SRR3928875,BFB-INS/DEL,-,-,BFB-INS/DEL,-
SRR3931835,BFB-INS/DEL,-,-,BFB-INS/DEL,-
SRR5114987,BFB-INS/DEL,-,-,BFB-INS/DEL,-
SRR3761025,BFB-INS/DEL,-,-,BFB-INS/DEL,-
SRR3945319,BFB-INS/DEL,-,-,BFB-INS/DEL,-
SRR3825068,BFB-INS/DEL,-,-,BFB-INS/DEL,-
SRR3928831,BFB-INS/DEL,-,-,BFB-INS/DEL,-
SRR5114966,BFB-INS/DEL,-,-,BFB-INS/DEL,-
SRR3931817,BFB-INS/DEL,-,-,BFB-INS/DEL,-
SRR3953798,BFB-INS/DEL,-,-,BFB-INS/DEL,-
SRR3825071,BFB-INS/DEL,-,-,BFB-INS/DEL,-
SRR3945349,BFB-INS/DEL,-,-,BFB-INS/DEL,-
SRR3989863,BFB-INS/DEL,-,-,BFB-INS/DEL,-
SRR5115056,BFB-INS/DEL,-,-,BFB-INS/DEL,-
SRR3931771,BFB-INS/DEL,-,-,BFB-INS/DEL,-
SRR3945280,BFB-INS/DEL,-,-,BFB-INS/DEL,-
SRR3989822,BFB-INS/DEL,-,-,BFB-INS/DEL,-
SRR3931877,BFB-INS/DEL,-,-,BFB-INS/DEL,-
SRR3825147,BFB-INS/DEL,-,-,BFB-INS/DEL,-
SRR3931833,BFB-INS/DEL,-,-,BFB-INS/DEL,-
SRR3989893,BFB-INS/DEL,-,-,BFB-INS/DEL,-
SRR3949403,BFB-INS/DEL,-,-,BFB-INS/DEL,-
SRR3953751,BFB-INS/DEL,-,-,BFB-INS/DEL,-
SRR3987258,BFB-INS/DEL,-,-,BFB-INS/DEL,-
SRR3825094,BFB-INS/DEL,-,-,BFB-INS/DEL,-
SRR3931856,BFB-INS/DEL,-,-,BFB-INS/DEL,-
SRR5114954,BFB-INS/DEL,-,-,BFB-INS/DEL,-
SRR3931857,BFB-INS/DEL,-,-,BFB-INS/DEL,-
SRR3825132,BFB-INS/DEL,-,-,BFB-INS/DEL,-
SRR5115035,BFB-INS/DEL,-,-,BFB-INS/DEL,-
SRR3953785,BFB-INS/DEL,-,-,BFB-INS/DEL,-
SRR5114996,BFB-INS/DEL,-,-,BFB-INS/DEL,-
SRR3989840,BFB-INS/DEL,-,-,BFB-INS/DEL,-
SRR3931782,BFB-INS/DEL,-,-,BFB-INS/DEL,-
SRR3987230,BFB-INS/DEL,-,-,BFB-INS/DEL,-
SRR3949422,BFB-INS/DEL,-,-,BFB-INS/DEL,-
SRR3825106,BFB-INS/DEL,-,-,BFB-INS/DEL,-
SRR3945484,BFB-INS/DEL,-,-,BFB-INS/DEL,-
SRR3953732,BFB-INS/DEL,-,-,BFB-INS/DEL,-
SRR3953759,BFB-INS/DEL,-,-,BFB-INS/DEL,-
SRR3987242,BFB-INS/DEL,-,-,BFB-INS/DEL,-
SRR3953744,BFB-INS/DEL,-,-,BFB-INS/DEL,-
SRR3949391,BFB-INS/DEL,-,-,BFB-INS/DEL,-
SRR3953716,BFB-INS/DEL,-,-,BFB-INS/DEL,-
SRR5115002,BFB-INS/DEL,-,-,BFB-INS/DEL,-
SRR5115044,BFB-INS/DEL,-,-,BFB-INS/DEL,-
SRR3928879,BFB-INS/DEL,-,-,BFB-INS/DEL,-
SRR3953737,BFB-INS/DEL,-,-,BFB-INS/DEL,-
SRR3825142,BFB-INS/DEL,-,-,BFB-INS/DEL,-
SRR3928878,BFB-INS/DEL,-,-,BFB-INS/DEL,-
SRR5114978,BFB-INS/DEL,-,-,BFB-INS/DEL,-
SRR3760973,BFB-INS/DEL,-,-,BFB-INS/DEL,-
SRR3945470,BFB-INS/DEL,-,-,BFB-INS/DEL,-
SRR3949367,BFB-INS/DEL,-,-,BFB-INS/DEL,-
SRR3989860,BFB-INS/DEL,-,-,BFB-INS/DEL,-
SRR3945352,BFB-INS/DEL,-,-,BFB-INS/DEL,-
SRR3760987,BFB-INS/DEL,-,-,BFB-INS/DEL+TRX,BFB-INS/DEL+TRX
SRR3825143,BFB-INS/DEL,-,-,BFB-INS/DEL+TRX,BFB-INS/DEL+TRX
SRR5114948,BFB-INS/DEL,-,-,BFB-INS/DEL+TRX,BFB-INS/DEL+TRX
SRR3928856,BFB-INS/DEL,-,-,BFB-INS/DEL+TRX,BFB-INS/DEL+TRX
SRR3949394,BFB-INS/DEL,-,-,BFB-INS/DEL+TRX,BFB-INS/DEL+TRX
SRR3931851,BFB-INS/DEL,-,-,BFB-INS/DEL+TRX,BFB-INS/DEL+TRX
SRR3928841,BFB-INS/DEL,-,-,BFB-INS/DEL+TRX,BFB-INS/DEL+TRX
SRR3928849,BFB-INS/DEL,-,-,BFB-INS/DEL+TRX,BFB-INS/DEL+TRX
SRR3989869,BFB-INS/DEL,-,-,BFB-INS/DEL+TRX,BFB-INS/DEL+TRX
SRR3989816,BFB-INS/DEL,-,-,BFB-INS/DEL+TRX,BFB-INS/DEL+TRX
SRR3989873,BFB-INS/DEL,-,-,BFB-INS/DEL+TRX,BFB-INS/DEL+TRX
SRR3953841,BFB-INS/DEL,-,-,BFB-INS/DEL+TRX,BFB-INS/DEL+TRX
SRR5114936,BFB-INS/DEL,-,-,BFB-INS/DEL+TRX,-
SRR5114963,BFB-INS/DEL,-,-,BFB-INS/DEL+TRX,-
SRR3989826,BFB-INS/DEL,-,-,BFB-INS/DEL+TRX,-
SRR3825088,BFB-INS/DEL,-,-,BFB-INS/DEL+TRX,-
SRR3945336,BFB-INS/DEL,-,-,BFB-INS/DEL+TRX,-
SRR3953757,BFB-INS/DEL,-,-,BFB-INS/DEL+TRX,-
SRR3761002,BFB-INS/DEL,-,-,BFB-INS/DEL+TRX,-
SRR3760954,BFB-INS/DEL,-,-,BFB-INS/DEL+TRX,-
SRR3945477,BFB-INS/DEL,-,-,BFB-INS/DEL+TRX,-
SRR3761030,BFB-INS/DEL,-,-,BFB-INS/DEL+TRX,-
SRR3945301,BFB-INS/DEL,-,-,BFB-INS/DEL+TRX,-
SRR3931776,BFB-INS/DEL,-,-,BFB-INS/DEL+TRX,-
SRR3945479,BFB-INS/DEL,-,-,BFB-INS/DEL+TRX,-
SRR3987226,BFB-INS/DEL,-,-,BFB-INS/DEL+TRX,-
SRR3989882,BFB-INS/DEL,-,-,BFB-INS/DEL+TRX,-
SRR3945309,BFB-INS/DEL,-,-,BFB-INS/DEL+TRX,-
SRR3825076,BFB-INS/DEL,-,-,BFB-INS/DEL+TRX,-
SRR3949404,BFB-INS/DEL,-,-,BFB-INS/DEL+TRX,-
SRR3931811,BFB-INS/DEL,-,-,BFB-INS/DEL+TRX,-
SRR3949343,BFB-INS/DEL,-,-,BFB-TRX,-
SRR3760997,BFB-INS/DEL,-,-,BFB-TRX,-
SRR3949424,BFB-INS/DEL,-,-,BFB-TRX,-
SRR3760975,BFB-INS/DEL,-,-,-,-
SRR3760970,BFB-INS/DEL,-,-,-,-
SRR3825108,BFB-INS/DEL,-,-,-,-
SRR3989823,BFB-INS/DEL,-,-,-,-
SRR3987276,BFB-INS/DEL,-,-,-,-
SRR3987324,BFB-INS/DEL,-,-,-,-
SRR3989866,BFB-INS/DEL,-,-,-,-
SRR3987345,BFB-INS/DEL,-,-,-,-
SRR3825145,BFB-INS/DEL,-,-,-,-
SRR3989907,BFB-INS/DEL,-,-,-,-
SRR3953754,BFB-INS/DEL,-,-,-,-
SRR3953761,BFB-INS/DEL,-,-,-,-
SRR3987315,BFB-INS/DEL,-,-,-,-
SRR3949347,BFB-INS/DEL,-,-,-,-
SRR3953813,BFB-INS/DEL,-,-,-,-
SRR3928892,BFB-INS/DEL,-,-,-,-
SRR3945287,BFB-INS/DEL,-,-,-,-
SRR3949333,BFB-INS/DEL,-,-,-,-
SRR3928830,BFB-INS/DEL,-,-,-,-
SRR3945341,BFB-INS/DEL,-,-,-,-
SRR5115053,BFB-INS/DEL,-,-,-,-
SRR5114924,BFB-INS/DEL,-,-,-,-
SRR3761011,BFB-INS/DEL,-,-,-,-
SRR3989879,BFB-INS/DEL,-,-,-,-
SRR3825100,BFB-INS/DEL,-,-,-,-
SRR3949358,BFB-INS/DEL,-,-,-,-
SRR3987244,BFB-INS/DEL+TRX,BFB-INS/DEL,-,BFB-INS/DEL,BFB-INS/DEL
SRR3825093,BFB-INS/DEL+TRX,BFB-INS/DEL,-,BFB-INS/DEL,-
SRR3953805,BFB-INS/DEL+TRX,BFB-INS/DEL+TRX,BFB-INS/DEL+TRX,BFB-INS/DEL+TRX,-
SRR3953849,BFB-INS/DEL+TRX,-,BFB-INS/DEL+TRX,BFB-INS/DEL,BFB-INS/DEL
SRR3760960,BFB-INS/DEL+TRX,-,-,BFB-INS/DEL,BFB-INS/DEL
SRR3953729,BFB-INS/DEL+TRX,-,-,BFB-INS/DEL,-
SRR3987259,BFB-INS/DEL+TRX,-,-,BFB-INS/DEL,-
SRR3928888,BFB-INS/DEL+TRX,-,-,BFB-INS/DEL+TRX,BFB-INS/DEL+TRX
SRR3928872,BFB-INS/DEL+TRX,-,-,BFB-INS/DEL+TRX,-
SRR3760940,-,BFB-FBI,-,BFB-INS/DEL,-
SRR3761020,-,BFB-INS/DEL,BFB-INS/DEL,BFB-INS/DEL,BFB-INS/DEL
SRR5115023,-,BFB-INS/DEL,-,BFB-INS/DEL,-
SRR3945494,-,BFB-INS/DEL+TRX,BFB-INS/DEL+TRX,-,-
SRR3945487,-,-,BFB-INS/DEL,BFB-INS/DEL+TRX,-
SRR3928834,-,-,BFB-INS/DEL,-,-
SRR5114993,-,-,BFB-INS/DEL,-,-
SRR3825141,-,-,-,BFB-INS/DEL,BFB-INS/DEL
SRR3760995,-,-,-,BFB-INS/DEL,BFB-INS/DEL
SRR3953844,-,-,-,BFB-INS/DEL,BFB-INS/DEL
SRR5114990,-,-,-,BFB-INS/DEL,BFB-INS/DEL
SRR3989888,-,-,-,BFB-INS/DEL,BFB-INS/DEL
SRR3987238,-,-,-,BFB-INS/DEL,BFB-INS/DEL
SRR3989856,-,-,-,BFB-INS/DEL,-
SRR3825053,-,-,-,BFB-INS/DEL,-
SRR3953827,-,-,-,BFB-INS/DEL,-
SRR3928851,-,-,-,BFB-INS/DEL,-
SRR3989836,-,-,-,BFB-INS/DEL,-
SRR3760957,-,-,-,BFB-INS/DEL,-
SRR3928894,-,-,-,BFB-INS/DEL,-
SRR3825123,-,-,-,BFB-INS/DEL,-
SRR3825079,-,-,-,BFB-INS/DEL,-
SRR3760985,-,-,-,BFB-INS/DEL,-
SRR5115047,-,-,-,BFB-INS/DEL+TRX,BFB-INS/DEL+TRX
SRR5114984,-,-,-,BFB-INS/DEL+TRX,BFB-INS/DEL+TRX
SRR3760945,-,-,-,BFB-INS/DEL+TRX,-
SRR3953814,-,-,-,-,-
